"tableID","stub"
"B00001","Universe:  Total population"
"B00002","Universe:  Housing units"
"B01001","Universe:  Total population"
"B01001A","Universe:  People who are White alone"
"C01001A","Universe:  People who are White alone"
"B01001B","Universe:  Black or African American alone"
"C01001B","Universe:  Black or African American alone"
"B01001C","Universe:  People who are American Indian and Alaska Native alone"
"C01001C","Universe:  People who are American Indian and Alaska Native alone"
"B01001D","Universe:  People who are Asian alone"
"C01001D","Universe:  People who are Asian alone"
"B01001E","Universe:  People who are Native Hawaiian and Other Pacific Islander alone"
"C01001E","Universe:  People who are Native Hawaiian and Other Pacific Islander alone"
"B01001F","Universe:  People who are Some Other Race alone"
"C01001F","Universe:  People who are Some Other Race alone"
"B01001G","Universe:  People who are Two or More Races"
"C01001G","Universe:  People who are Two or More Races"
"B01001H","Universe:  White alone, not Hispanic or Latino population "
"C01001H","Universe:  White alone, not Hispanic or Latino population"
"B01001I","Universe:  Hispanic or Latino population "
"C01001I","Universe:  Hispanic or Latino population"
"B01002","Universe:  Total population"
"B01002A","Universe:  People who are White alone"
"B01002B","Universe:  Black or African American alone"
"B01002C","Universe:  People who are American Indian and Alaska Native alone"
"B01002D","Universe:  People who are Asian alone"
"B01002E","Universe:  People who are Native Hawaiian and Other Pacific Islander alone"
"B01002F","Universe:  People who are Some Other Race alone"
"B01002G","Universe:  People who are Two or More Races"
"B01002H","Universe:  White alone, not Hispanic or Latino population"
"B01002I","Universe:  Hispanic or Latino population"
"B01003","Universe:  Total population"
"B02001","Universe:  Total population"
"B02003","Universe:  Total population"
"C02003","Universe:  Total population"
"B02008","Universe:  White alone or in combination with one or more other races"
"B02009","Universe:  Black or African American alone or in combination with one or more other races"
"B02010","Universe:  People who are American Indian or Alaska Native alone or in combination with one or more other races"
"B02011","Universe:  Asian alone or in combination with one or more other races"
"B02012","Universe:  Native Hawaiian and Other Pacific Islander alone or in combination with one or more other races"
"B02013","Universe:  Some other race alone or in combination with one or more other races"
"B02014","Universe:  People who are American Indian and Alaska Native alone and people with no tribe reported"
"C02014","Universe:  People who are American Indian and Alaska Native alone and people with no tribe reported"
"B02015","Universe:  Total Asian alone population"
"C02015","Universe:  Total Asian alone population"
"B02016","Universe:  Total Native Hawaiian and Other Pacific Islander alone population"
"C02016","Universe:  Total Native Hawaiian and Other Pacific Islander alone population"
"B02017","Universe:  Total AIAN alone or in any combination population (the total groups tallied)"
"B02018","Universe:  Total Asian alone or in any combination population (the total groups tallied)"
"B02019","Universe:  Total NHPI alone or in any combination population (the total groups tallied)"
"B03001","Universe:  Total population"
"C03001","Universe:  Total population"
"B03002","Universe:  Total population"
"C03002","Universe:  Total population"
"B03003","Universe:  Total population"
"B04004","Universe:  People reporting single ancestry"
"C04004","Universe:  People reporting single ancestry"
"B04005","Universe:  People reporting multiple ancestries"
"C04005","Universe:  People reporting multiple ancestries"
"B04006","Universe:  Total population "
"C04006","Universe: Total population"
"B04007","Universe:  Total population "
"C04007","Universe:  Total population"
"B05001","Universe:  Total population in the United States"
"C05001","Universe:  Total population in the United States"
"B05001PR","Universe:  Total population in Puerto Rico"
"B05002","Universe:  Total population "
"C05002","Universe: Total population  "
"B05003","Universe:  Total population "
"C05003"," Universe: Total population  "
"B05003A","Universe:  People who are White alone"
"B05003B","Universe:  Black or African American alone"
"B05003C","Universe:  People who are American Indian and Alaska Native alone"
"B05003D","Universe:  People who are Asian alone"
"B05003E","Universe:  People who are Native Hawaiian and Other Pacific Islander alone"
"B05003F","Universe:  People who are Some Other Race alone"
"B05003G","Universe:  People who are Two or More Races"
"B05003H","Universe:  White alone, not Hispanic or Latino population "
"B05003I","Universe:  Hispanic or Latino population "
"B05004","Universe:  Total population"
"B05005","Universe:  Population born outside the United States"
"C05005","Universe:  Population born outside the United States"
"B05005PR","Universe:  Population born outside Puerto Rico"
"B05006","Universe:  Foreign-born population excluding population born at sea"
"C05006"," Universe: Foreign-born population excluding population born at sea"
"B05006PR","Universe:  Foreign-born population in Puerto Rico excluding population born at sea"
"B05007","Universe:  Foreign-born population"
"B05008","Universe:  Foreign-born population"
"B05009","Universe: Own children under 18 years living in families or subfamilies"
"C05009","Universe: Own children under 18 years living in families or subfamilies"
"B05010","Universe: Own children under 18 years living in families or subfamilies for whom poverty status is determined"
"C05010","Universe: Own children under 18 years living in families or subfamilies for whom poverty status is determined"
"B05011","Universe: Foreign-born population"
"B05012","Universe:  Total population in the United States"
"B05012PR","Universe:  Total population in Puerto Rico"
"B05013","Universe: Foreign-born population"
"B05014","Universe: Foreign-born population"
"B06001","Universe:  Total population in the United States"
"C06001"," Universe: Total population in the United States"
"B06001PR","Universe:  Total population in Puerto Rico"
"C06001PR","Universe:  Total population in Puerto Rico"
"B06002","Universe:  Total population in the United States"
"B06002PR","Universe:  Total population in Puerto Rico"
"B06003","Universe:  Total population in the United States"
"B06003PR","Universe:  Total population in Puerto Rico"
"B06004A","Universe:  White alone population in the United States"
"B06004B","Universe:  Black or African American alone population in the United States"
"B06004C","Universe:  American Indian and Alaska Native alone population in the United States "
"B06004D","Universe:  Asian alone population in the United States "
"B06004E","Universe:  Native Hawaiian and Other Pacific Islander alone population in the United States  "
"B06004F","Universe:  Some other race alone population in the United States "
"B06004G","Universe:  Two or more races population in the United States  "
"B06004H","Universe:  White alone, not Hispanic or Latino population in the United States "
"B06004I","Universe:  Hispanic or Latino population in the United States "
"B06004APR","Universe:  White alone population in Puerto Rico"
"B06004BPR","Universe:  Black or African American alone population in Puerto Rico"
"B06004CPR","Universe:  American Indian and Alaska Native alone population in Puerto Rico"
"B06004DPR","Universe:  Asian alone population in Puerto Rico"
"B06004EPR","Universe:  Native Hawaiian and Other Pacific Islander alone population in Puerto Rico"
"B06004FPR","Universe:  Some other race population in Puerto Rico"
"B06004GPR","Universe:  Two or more races population in Puerto Rico"
"B06004HPR","Universe:  White alone, not Hispanic or Latino population in Puerto Rico"
"B06004IPR","Universe:  Hispanic or Latino population in Puerto Rico"
"B06007","Universe:  Population 5 years and over in the United States"
"C06007"," Universe: Population 5 years and over in the United States "
"B06007PR","Universe:  Population 5 years and over in Puerto Rico"
"C06007PR","Universe:  Population 5 years and over in Puerto Rico"
"B06008","Universe:  Population 15 years and over in the United States"
"B06008PR","Universe:  Population 15 years and over in Puerto Rico"
"C06008PR","Universe:  Population 15 years and over in Puerto Rico"
"B06009","Universe:  Population 25 years and over in the United States"
"B06009PR","Universe:  Population 25 years and over in Puerto Rico"
"B06010","Universe:  Population 15 years and over in the United States"
"B06010PR","Universe:  Population 15 years and over in Puerto Rico"
"C06010PR","Universe:  Population 15 years and over in Puerto Rico"
"B06011","Universe:  Population 15 years and over in the United States with income"
"B06011PR","Universe:  Population 15 years and over in Puerto Rico with income"
"B06012","Universe:  Population in the United States for whom poverty status is determined"
"B06012PR","Universe:  Population in Puerto Rico for whom poverty status is determined"
"B07001","Universe:  Population 1 year and over in the United States"
"C07001"," Universe: Population 1 year and over in the United States  "
"B07001PR","Universe:  Population 1 year and over in Puerto Rico"
"C07001PR","Universe:  Population 1 year and over in Puerto Rico"
"B07002","Universe:  Population 1 year and over in the United States"
"B07002PR","Universe:  Population 1 year and over in Puerto Rico"
"B07003","Universe:  Population 1 year and over in the United States"
"B07003PR","Universe:  Population 1 year and over in Puerto Rico"
"B07004A","Universe:  White alone population 1 year and over in the United States"
"B07004B","Universe:  Black or African American alone population 1 year and over in the United States"
"B07004C","Universe:  American Indian and Alaskan Native alone population 1 year and over in the United States"
"B07004D","Universe:  Asian alone population 1 year and over in the United States"
"B07004E","Universe:  Native Hawaiian and Other Pacific Islander alone population 1 year and over in the United States"
"B07004F","Universe:  Some other race alone population 1 year and over in the United States"
"B07004G","Universe:  Two or more races population 1 year and over in the United States"
"B07004H","Universe:  White alone, not Hispanic or Latino population 1 year and over in the United States"
"B07004I","Universe:  Hispanic or Latino population 1 year and over in the United States"
"B07004APR","Universe:  White alone population 1 year and over in Puerto Rico"
"B07004BPR","Universe:  Black or African American alone population 1 year and over in Puerto Rico"
"B07004CPR","Universe:  American Indian and Alaskan Native alone population 1 year and over in Puerto Rico"
"B07004DPR","Universe:  Asian alone population 1 year and over in Puerto Rico"
"B07004EPR","Universe:  Native Hawaiian and Other Pacific Islander alone population 1 year and over in Puerto Rico"
"B07004FPR","Universe:  Some other race alone population 1 year and over in Puerto Rico"
"B07004GPR","Universe:  Two or more races population 1 year and over in Puerto Rico"
"B07004HPR","Universe:  White alone, not Hispanic or Latino population 1 year and over in Puerto Rico"
"B07004IPR","Universe:  Hispanic or Latino population 1 year and over in Puerto Rico"
"B07007","Universe:  Population 1 year and over in the United States"
"B07007PR","Universe:  Population 1 year and over in Puerto Rico"
"B07008","Universe:  Population 15 years and over in the United States"
"C07008"," Universe: Population 15 years and over in the United States"
"B07008PR","Universe:  Population 15 years and over in Puerto Rico"
"C07008PR","Universe:  Population 15 years and over in Puerto Rico"
"B07009","Universe:  Population 25 years and over in the United States"
"B07009PR","Universe:  Population 25 years and over in Puerto Rico"
"B07010","Universe:  Population 15 years and over in the United States"
"B07010PR","Universe:  Population 15 years and over in Puerto Rico"
"B07011","Universe:  Population 15 years and over in the United States with income"
"B07011PR","Universe:  Population 15 years and over in Puerto Rico with income"
"B07012","Universe:  Population 1 year and over in the United States for whom poverty status is determined"
"B07012PR","Universe:  Population 1 year and over in Puerto Rico for whom poverty status is determined"
"B07013","Universe:  Population 1 year and over in households in the United States"
"B07013PR","Universe:  Population 1 year and over in households in Puerto Rico"
"B07101","Universe:  Population 1 year and over in the United States"
"B07201","Universe:  Population 1 year and over living in a Metropolitan Statistical Area in the United States"
"C07201","Universe:  Population 1 year and over living in a Metropolitan Statistical Area in the United States"
"B07201PR","Universe:  Population 1 year and over living in a Metropolitan Statistical Area in Puerto Rico"
"C07201PR","Universe:  Population 1 year and over living in a Metropolitan Statistical Area in Puerto Rico"
"B07202","Universe:  Population 1 year and over living in a Micropolitan Statistical Area in the United States"
"B07202PR","Universe:  Population 1 year and over living in a Micropolitan Statistical Area in Puerto Rico"
"B07203","Universe:  Population 1 year and over not living in a Metropolitan or Micropolitan Statistical Area in the United States"
"B07203PR","Universe:  Population 1 year and over not living in a Metropolitan or Micropolitan Statistical Area in Puerto Rico"
"B07204","Universe:  Population 1 year and over in the United States"
"C07204","Universe:  Population 1 year and over in the United States"
"B07204PR","Universe:  Population 1 year and over in Puerto Rico"
"C07204PR","Universe:  Population 1 year and over in Puerto Rico"
"B07401","Universe:  Population 1 year and over in the United States"
"C07401","Universe: Population 1 year and over in the United States"
"B07401PR","Universe:  Population 1 year and over"
"C07401PR","Universe:  Population 1 year and over"
"B07402","Universe:  Population 1 year and over in the United States"
"B07402PR","Universe:  Population 1 year and over"
"B07403","Universe:  Population 1 year and over in the United States"
"B07403PR","Universe:  Population 1 year and over"
"B07404A","Universe:  White alone population 1 year and over in the United States"
"B07404APR","Universe:  White alone population 1 year and over"
"B07404B","Universe:  Black or African American alone population 1 year and over in the United States"
"B07404BPR","Universe:  Black or African American alone population 1 year and over"
"B07404C","Universe:  American Indian and Alaskan Native alone population 1 year and over in the United States"
"B07404CPR","Universe:  American Indian and Alaska Native alone population 1 year and over"
"B07404D","Universe:  Asian alone population 1 year and over in the United States"
"B07404DPR","Universe:  Asian alone population 1 year and over"
"B07404E","Universe:  Native Hawaiian and Other Pacific Islander alone population 1 year and over in the United States"
"B07404EPR","Universe:  Native Hawaiian and Other Pacific Islander alone population 1 year and over"
"B07404F","Universe:  Some other race alone population 1 year and over in the United States"
"B07404FPR","Universe:  Some other race alone population 1 year and over"
"B07404G","Universe:  Two or more races population 1 year and over in the United States"
"B07404GPR","Universe:  Two or more races population 1 year and over"
"B07404H","Universe:  White alone, not Hispanic or Latino population 1 year and over in the United States"
"B07404HPR","Universe:  White alone, not Hispanic or Latino population 1 year and over"
"B07404I","Universe:  Hispanic or Latino population 1 year and over in the United States"
"B07404IPR","Universe:  Hispanic or Latino population 1 year and over"
"B07407","Universe:  Population 1 year and over in the United States"
"B07407PR","Universe:  Population 1 year and over"
"B07408","Universe:  Population 15 years and over in the United States"
"B07408PR","Universe:  Population 15 years and over"
"B07409","Universe:  Population 25 years and over in the United States"
"B07409PR","Universe:  Population 25 years and over"
"B07410","Universe:  Population 15 years and over in the United States"
"B07410PR","Universe:  Population 15 years and over"
"B07411","Universe:  Population 15 years and over in the United States with income"
"B07411PR","Universe:  Population 15 years and over with income in the past 12 months"
"B07412","Universe:  Population 1 year and over in the United States for whom poverty status is determined"
"B07412PR","Universe:  Population 1 year and over for whom poverty status is determined"
"B07413","Universe:  Population 1 year and over in households in the United States"
"B07413PR","Universe:  Population 1 year and over in households"
"B08006","Universe:  Workers 16 years and over "
"C08006"," Universe: Workers 16 years and over  "
"B08007","Universe:  Workers 16 years and over "
"B08008","Universe:  Workers 16 years and over "
"B08009","Universe:  Workers 16 years and over "
"B08011","Universe:  Workers 16 years and over who did not work at home "
"B08012","Universe:  Workers 16 years and over who did not work at home "
"B08013","Universe:  Workers 16 years and over who did not work at home "
"B08014","Universe:  Workers 16 years and over in households"
"B08015","Universe:  Workers whose means of transportation is car, truck, or van"
"B08016","Universe:  Workers 16 years and over living in a Metropolitan Statistical Area"
"C08016","Universe:  Workers 16 years and over living in a Metropolitan Statistical Area"
"B08017","Universe:  Workers 16 years and over living in a Micropolitan Statistical Area"
"B08018","Universe:  Workers 16 years and over not living in a Metropolitan or Micropolitan Statistical Area"
"B08101","Universe:  Workers 16 years and over "
"C08101"," Universe: Workers 16 years and over  "
"B08103","Universe:  Workers 16 years and over"
"B08105A","Universe:  White alone workers 16 years and over "
"B08105B","Universe:  Black or African American alone workers 16 years and over "
"B08105C","Universe:  American Indian and Alaska Native alone workers 16 years and over "
"B08105D","Universe:  Asian alone workers 16 years and over "
"B08105E","Universe:  Native Hawaiian and Other Pacific Islander alone workers 16 years and over "
"B08105F","Universe:  Some other race alone workers 16 years and over "
"B08105G","Universe:  Two or more races workers 16 years and over "
"B08105H","Universe:  White alone, not Hispanic or Latino workers 16 years and over "
"B08105I","Universe:  Hispanic or Latino workers 16 years and over "
"B08111","Universe:  Workers 16 years and over "
"C08111"," Universe: Workers 16 years and over  "
"B08113","Universe:  Workers 16 years and over "
"C08113"," Universe: Workers 16 years and over  "
"B08119","Universe:  Workers 16 years and over with earnings "
"C08119","Universe:  Workers 16 years and over with earnings "
"B08121","Universe:  Workers 16 years and over with earnings"
"B08122","Universe:  Workers 16 years and over for whom poverty status is determined "
"C08122","Universe:  Workers 16 years and over for whom poverty status is determined "
"B08124","Universe:  Workers 16 years and over "
"C08124"," Universe: Workers 16 years and over  "
"B08126","Universe:  Workers 16 years and over "
"C08126"," Universe: Workers 16 years and over  "
"B08128","Universe:  Workers 16 years and over "
"C08128"," Universe: Workers 16 years and over  "
"B08130","Universe:  Workers 16 years and over "
"C08130"," Universe: Workers 16 years and over  "
"B08131","Universe:  Workers 16 years and over who did not work at home "
"B08132","Universe:  Workers 16 years and over who did not work at home "
"C08132"," Universe: Workers 16 years and over who did not work at home  "
"B08133","Universe:  Workers 16 years and over who did not work at home "
"B08134","Universe:  Workers 16 years and over who did not work at home"
"C08134","Universe: Workers 16 years and over who did not work at home"
"B08135","Universe:  Workers 16 years and over who did not work at home "
"B08136","Universe:  Workers 16 years and over who did not work at home"
"C08136","Universe: Workers 16 years and over who did not work at home"
"B08137","Universe:  Workers 16 years and over in households "
"B08141","Universe:  Workers 16 years and over in households "
"C08141"," Universe: Workers 16 years and over in households  "
"B08201","Universe:  Households"
"B08202","Universe:  Households"
"B08203","Universe:  Households"
"B08301","Universe:  Workers 16 years and over "
"C08301"," Universe: Workers 16 years and over  "
"B08302","Universe:  Workers 16 years and over who did not work at home "
"B08303","Universe:  Workers 16 years and over who did not work at home "
"B08406","Universe:  Workers 16 years and over"
"C08406","Universe:  Workers 16 years and over"
"B08412","Universe: Workers 16 years and over who did not work at home"
"B08501","Universe:  Workers 16 years and over"
"C08501"," Universe: Workers 16 years and over  "
"B08503","Universe:  Workers 16 years and over"
"B08505A","Universe:  White alone workers 16 years and over"
"B08505B","Universe:  Black or African American alone workers 16 years and over"
"B08505C","Universe:  American Indian and Alaska Native alone workers 16 years and over"
"B08505D","Universe:  Asian alone workers 16 years and over"
"B08505E","Universe:  Native Hawaiian and Other Pacific Islander alone workers 16 years and over"
"B08505F","Universe:  Some other race alone workers 16 years and over"
"B08505G","Universe:  Two or more races workers 16 years and over"
"B08505H","Universe:  White alone, not Hispanic or Latino workers 16 years and over"
"B08505I","Universe:  Hispanic or Latino workers 16 years and over"
"B08511","Universe:  Workers 16 years and over"
"C08511","Universe: Workers 16 years and over"
"B08513","Universe:  Workers 16 years and over"
"C08513","Universe: Workers 16 years and over"
"B08519","Universe:  Workers 16 years and over with earnings"
"C08519","Universe: Workers 16 years and over with earnings"
"B08521","Universe:  Workers 16 years and over with earnings"
"B08522","Universe:  Workers 16 years and over for whom poverty status is determined"
"C08522","Universe:  Workers 16 years and over for whom poverty status is determined"
"B08524","Universe:  Workers 16 years and over"
"C08524","Universe: Workers 16 years and over"
"B08526","Universe:  Workers 16 years and over"
"C08526","Universe:  Workers 16 years and over"
"B08528","Universe:  Workers 16 years and over"
"C08528","Universe:  Workers 16 years and over"
"B08532","Universe:  Workers 16 years and over who did not work at home"
"C08532","Universe: Workers 16 years and over who did not work at home"
"B08534","Universe: Workers 16 years and over who did not work at home"
"C08534","Universe: Workers 16 years and over who did not work at home"
"B08536","Universe:  Workers 16 years and over who did not work at home"
"C08536","Universe: Workers 16 years and over who did not work at home"
"B08537","Universe:  Workers 16 years and over in households"
"B08541","Universe:  Workers 16 years and over in households"
"C08541","Universe: Workers 16 years and over in households"
"B08601","Universe:  Workers 16 years and over"
"C08601","Universe:  Workers 16 years and over"
"B08602","Universe:  Workers 16 years and over who did not work at home"
"B08603","Universe: Workers 16 years and over who did not work at home"
"B08604","Universe:  Workers 16 years and over"
"B09001","Universe:  Population under 18 years"
"B09002","Universe:  Own children under 18 years"
"B09005","Universe:  Population under 18 years in households (excluding householders, spouses, and unmarried partners)"
"B09008","Universe:  Population under 18 years in households (excluding householders, spouses, and unmarried partners)"
"C09008","Universe:  Population under 18 years in households (excluding householders, spouses, and unmarried partners)"
"B09010","Universe:  Population under 18 years in households"
"B09018","Universe:  Population under 18 years in households (excluding householders, spouses, and unmarried partners)"
"B09019","Universe:  Total population"
"C09019","Universe:  Total population"
"B09020","Universe:  Population 65 years and over"
"B09021","Universe: Population 18 years and over in households"
"B10001","Universe:  Grandchildren under 18 living with grandparent householder"
"B10002","Universe:  Grandchildren under 18 living with grandparent householder"
"B10010","Universe: Families with grandparent householders and/or spouses living with grandchildren"
"B10050","Universe:  Population 30 years and over "
"B10051","Universe:  Grandparents living with own grandchildren under 18 years"
"B10051A","Universe:  Grandparents (White alone) living with own grandchildren under 18 years"
"B10051B","Universe:  Grandparents (Black or African American alone) living with own grandchildren under 18 years"
"B10051C","Universe:  Grandparents (American Indian and Alaska Native alone) living with own grandchildren under 18 years"
"B10051D","Universe:  Grandparents (Asian alone) living with own grandchildren under 18 years"
"B10051E","Universe:  Grandparents (Native Hawaiian and Other Pacific Islander alone) living with own grandchildren under 18 years"
"B10051F","Universe:  Grandparents (Some other race alone) living with own grandchildren under 18 years"
"B10051G","Universe:  Grandparents (Two or more races) living with own grandchildren under 18 years"
"B10051H","Universe:  Grandparents (White alone, not Hispanic or Latino) living with own grandchildren under 18 years"
"B10051I","Universe:  Grandparents (Hispanic or Latino) living with own grandchildren under 18 years"
"B10052","Universe:  Civilian grandparents living with own grandchildren under 18 years"
"B10053","Universe:  Grandparents living with own grandchildren under 18 years"
"B10054","Universe:  Grandparents living with own grandchildren under 18 years"
"B10056","Universe:  Grandparents living with own grandchildren under 18 years"
"B10057","Universe:  Grandparents living with own grandchildren under 18 years"
"B10058","Universe:  Grandparents living with own grandchildren under 18 years"
"B10059","Universe:  Grandparents living with own grandchildren under 18 years for whom poverty status is determined"
"B10063","Universe:  Households"
"B11001","Universe:  Households "
"B11001A","Universe:  Households with a householder who is White alone "
"B11001B","Universe:  Households with a householder who is Black or African American alone"
"B11001C","Universe:  Households with a householder who is American Indian and Alaska Native alone"
"B11001D","Universe:  Households with a householder who is Asian alone"
"B11001E","Universe:  Households with a householder who is Native Hawaiian and Other Pacific Islander alone"
"B11001F","Universe:  Households with a householder who is Some other race alone"
"B11001G","Universe:  Households with a householder who is Two or more races"
"B11001H","Universe:  Households with a householder who is White alone, not Hispanic or Latino"
"B11001I","Universe:  Households with a householder who is Hispanic or Latino"
"B11002","Universe:  Population in households"
"B11002A","Universe:  Population in households with a householder who is White alone "
"B11002B","Universe:  Population in households with a householder who is Black or African American alone "
"B11002C","Universe:  Population in households with a householder who is American Indian and Alaska Native alone "
"B11002D","Universe:  Population in households with a householder who is Asian alone "
"B11002E","Universe:  Population in households with a householder who is Native Hawaiian and Other Pacific Islander alone "
"B11002F","Universe:  Population in households with a householder who is Some other race alone "
"B11002G","Universe:  Population in households with a householder who is Two or more races "
"B11002H","Universe:  Population in households with a householder who is White alone, not Hispanic or Latino "
"B11002I","Universe:  Population in households with a householder who is Hispanic or Latino"
"B11003","Universe:  Families"
"B11004","Universe:  Families"
"B11005","Universe:  Households"
"C11005","Universe:  Households"
"B11006","Universe:  Households "
"B11007","Universe:  Households"
"B11009","Universe:  Households "
"B11010","Universe:  Nonfamily households"
"C11010","Universe:  Nonfamily households"
"B11011","Universe:  Households "
"B11013","Universe:  Subfamilies"
"C11013","Universe:  Subfamilies"
"B11014","Universe:  Population in subfamilies"
"C11014","Universe:  Population in subfamilies"
"B11015","Universe:  Households"
"B11016","Universe:  Households"
"C11016","Universe:  Households"
"B11017","Universe:  Total households"
"B12001","Universe:  Population 15 years and over"
"B12002","Universe:  Population 15 years and over"
"B12002A","Universe:  White alone population 15 years and over"
"B12002B","Universe:  Black or African American alone population 15 years and over"
"B12002C","Universe:  American Indian and Alaska Native alone population 15 years and over"
"B12002D","Universe:  Asian alone population 15 years and over"
"B12002E","Universe:  Native Hawaiian and Other Pacific Islander alone population 15 years and over"
"B12002F","Universe:  Some other race alone population 15 years and over"
"B12002G","Universe:  Two or more races population 15 years and over"
"B12002H","Universe:  White alone, not Hispanic or Latino population 15 years and over"
"B12002I","Universe:  Hispanic or Latino population 15 years and over"
"B12006","Universe:  Population 16 years and over"
"B12007","Universe:  Population 15 to 54 years"
"B12007A","Universe:  White alone population 15 to 54 years"
"B12007B","Universe:  Black or African American alone population 15 to 54 years"
"B12007C","Universe:  American Indian and Alaska Native alone population 15 to 54 years"
"B12007D","Universe:  Asian alone population 15 to 54 years"
"B12007E","Universe:  Native Hawaiian and Other Pacific Islander alone population 15 to 54 years"
"B12007F","Universe:  Some other race alone population 15 to 54 years"
"B12007G","Universe:  Two or more races population 15 to 54 years"
"B12007H","Universe:  White alone, not Hispanic or Latino population 15 to 54 years"
"B12007I","Universe:  Hispanic or Latino population 15 to 54 years"
"B12501","Universe: Population 15 Years and over "
"B12502","Universe: Population 15 Years and over"
"B12503","Universe: Population 15 Years and over"
"B12504","Universe: Population 15 Years and Over Who Are Now Married or Separated"
"B12505","Universe: Population 15 Years and Over "
"B13002","Universe:  Women 15 to 50 years"
"B13002A","Universe:  White alone women 15 to 50 years"
"B13002B","Universe:  Black or African American alone women 15 to 50 years"
"B13002C","Universe:  American Indian and Alaska Native alone women 15 to 50 years"
"B13002D","Universe:  Asian alone women 15 to 50 years"
"B13002E","Universe:  Native Hawaiian and Other Pacific Islander alone women 15 to 50 years"
"B13002F","Universe:  Some other race alone women 15 to 50 years"
"B13002G","Universe:  Two or more races women 15 to 50 years"
"B13002H","Universe:  White alone, not Hispanic or Latino women 15 to 50 years"
"B13002I","Universe:  Hispanic or Latino women 15 to 50 years"
"B13004","Universe:  Women 15 to 50 years in households"
"B13008","Universe:  Women 15 to 50 years"
"B13010","Universe:  Women 15 to 50 years for whom poverty status is determined"
"B13012","Universe:  Women 16 to 50 years"
"B13014","Universe:  Women 15 to 50 years"
"B13015","Universe:  Women 15 to 50 years "
"B13016","Universe:  Women 15 to 50 years "
"B14001","Universe:  Population 3 years and over"
"B14002","Universe:  Population 3 years and over"
"C14002","Universe:  Population 3 years and over"
"B14003","Universe:  Population 3 years and over "
"C14003"," Universe: Population 3 years and over  "
"B14004","Universe:  Population 15 years and over"
"B14005","Universe:  Population 16 to 19 years"
"C14005","Universe:  Population 16 to 19 years"
"B14006","Universe:  Population 3 years and over for whom poverty status is determined "
"B14007","Universe: Population 3 years and over"
"B14007A","Universe:  White alone population 3 years and over"
"C14007A","Universe:  White alone population 3 years and over"
"B14007B","Universe:  Black or African American alone population 3 years and over"
"C14007B","Universe:  Black or African American alone population 3 years and over"
"B14007C","Universe:  American Indian and Alaska Native alone population 3 years and over"
"C14007C","Universe:  American Indian and Alaska Native alone population 3 years and over"
"B14007D","Universe:  Asian alone population 3 years and over"
"C14007D","Universe:  Asian alone population 3 years and over"
"B14007E","Universe:  Native Hawaiian and Other Pacific Islander alone population 3 years and over"
"C14007E","Universe:  Native Hawaiian and Other Pacific Islander alone population 3 years and over"
"B14007F","Universe:  Some other race alone population 3 years and over"
"C14007F","Universe:  Some other race alone population 3 years and over"
"B14007G","Universe:  Two or more races population 3 years and over"
"C14007G","Universe:  Two or more races population 3 years and over"
"B14007H","Universe:  White alone, not Hispanic or Latino, population 3 years and over"
"C14007H","Universe:  White alone, not Hispanic or Latino, population 3 years and over"
"B14007I","Universe:  Hispanic or Latino population 3 years and over"
"C14007I","Universe:  Hispanic or Latino population 3 years and over"
"B15001","Universe:  Population 18 years and over"
"B15002","Universe:  Population 25 years and over"
"C15002","Universe:  Population 25 years and over"
"B15002A","Universe:  White alone population 25 years and over"
"C15002A","Universe:  White alone population 25 years and over"
"B15002B","Universe:  Black or African American alone population 25 years and over"
"C15002B","Universe:  Black or African American alone population 25 years and over"
"B15002C","Universe:  American Indian and Alaska Native alone population 25 years and over"
"C15002C","Universe:  American Indian and Alaska Native alone population 25 years and over"
"B15002D","Universe:  Asian alone population 25 years and over"
"C15002D","Universe:  Asian alone population 25 years and over"
"B15002E","Universe:  Native Hawaiian and Other Pacific Islander alone population 25 years and over"
"C15002E","Universe:  Native Hawaiian and Other Pacific Islander alone population 25 years and over"
"B15002F","Universe:  Some other race alone population 25 years and over"
"C15002F","Universe:  Some other race alone population 25 years and over"
"B15002G","Universe:  Two or more races population 25 years and over"
"C15002G","Universe:  Two or more races population 25 years and over"
"B15002H","Universe:  White alone, not Hispanic or Latino population 25 years and over"
"C15002H","Universe:  White alone, not Hispanic or Latino population 25 years and over"
"B15002I","Universe:  Hispanic or Latino population 25 years and over"
"C15002I","Universe:  Hispanic or Latino population 25 years and over"
"B15003","Universe:  Population 25 years and over"
"C15003","Universe:  Population 25 years and over"
"B15010","Universe:  POPULATION 25 YEARS AND OVER WITH A BACHELOR'S DEGREE OR HIGHER ATTAINMENT"
"C15010","Universe:  POPULATION 25 YEARS AND OVER WITH A BACHELOR'S DEGREE OR HIGHER ATTAINMENT"
"C15010A","Universe: WHITE ALONE POPULATION 25 YEARS AND OVER WITH A BACHELOR'S DEGREE OR HIGHER ATTAINMENT"
"C15010B","Universe: BLACK OR AFRICAN AMERICAN ALONE POPULATION 25 YEARS AND OVER WITH A BACHELOR'S DEGREE OR HIGHER ATTAINMENT"
"C15010C","Universe: AMERICAN INDIAN AND ALASKA NATIVE ALONE POPULATION 25 YEARS AND OVER WITH A BACHELOR'S DEGREE OR HIGHER ATTAINMENT"
"C15010D","Universe: ASIAN ALONE POPULATION 25 YEARS AND OVER WITH A BACHELOR'S DEGREE OR HIGHER ATTAINMENT"
"C15010E","Universe: NATIVE HAWAIIAN AND OTHER PACIFIC ISLANDER ALONE POPULATION 25 YEARS AND OVER WITH A BACHELOR'S DEGREE OR HIGHER ATTAINMENT"
"C15010F","Universe: SOME OTHER RACE ALONE POPULATION 25 YEARS AND OVER WITH A BACHELOR'S DEGREE OR HIGHER ATTAINMENT"
"C15010G","Universe: TWO OR MORE RACES POPULATION 25 YEARS AND OVER WITH A BACHELOR'S DEGREE OR HIGHER ATTAINMENT"
"C15010H","Universe: WHITE ALONE, NOT HISPANIC OR LATINO POPULATION 25 YEARS AND OVER WITH A BACHELOR'S DEGREE OR HIGHER ATTAINMENT"
"C15010I","Universe: HISPANIC OR LATINO POPULATION 25 YEARS AND OVER WITH A BACHELOR'S DEGREE OR HIGHER ATTAINMENT"
"B15011","Universe:  POPULATION 25 YEARS AND OVER WITH A BACHELOR'S DEGREE OR HIGHER ATTAINMENT"
"B15012","Universe:  TOTAL BACHELOR'S DEGREE MAJORS TALLIED FOR PEOPLE 25 YEARS AND OVER WITH A BACHELOR'S DEGREE OR HIGHER ATTAINMENT"
"B16001","Universe:  Population 5 years and over"
"C16001","Universe: Population 5 years and over"
"B16002","Universe:  Households"
"C16002","Universe:  Households"
"B16003","Universe:  Population 5 years and over in households in which no one 14 and over speaks English only or speaks a language other than English at home and speaks English ""very well"""
"C16003","Universe:  Population 5 years and over in households in which no one 14 and over speaks English only or speaks a language other than English at home and speaks English ""very well"""
"B16004","Universe:  Population 5 years and over"
"C16004","Universe: Population 5 years and over"
"B16005","Universe:  Population 5 years and over"
"C16005","Universe: Population 5 years and over"
"B16005A","Universe:  White alone population 5 years and over"
"B16005B","Universe:  Black or African American alone population 5 years and over "
"B16005C","Universe:  American Indian and Alaska Native alone population 5 years and over"
"B16005D","Universe:  Asian alone population 5 years and over"
"B16005E","Universe:  Native Hawaiian and Other Pacific Islander alone population 5 years and over"
"B16005F","Universe:  Some other race alone population 5 years and over"
"B16005G","Universe:  Two or more races population 5 years and over"
"B16005H","Universe:  White alone, not Hispanic or Latino population 5 years and over"
"B16005I","Universe:  Hispanic or Latino population 5 years and over"
"B16006","Universe:  Hispanic or Latino population 5 years and over"
"C16006","Universe: Hispanic or Latino population 5 years and over"
"B16007","Universe:  Population 5 years and over"
"C16007","Universe: Population 5 years and over"
"B16008","Universe:  Population 5 years and over"
"C16008","Universe: Population 5 years and over"
"B16009","Universe:  Population 5 years and over for whom poverty status is determined "
"C16009","Universe:  Population 5 years and over for whom poverty status is determined "
"B16010","Universe:  Population 25 years and over"
"C16010","Universe: Population 25 years and over"
"B17001","Universe:  Population for whom poverty status is determined"
"C17001","Universe:  Population for whom poverty status is determined"
"B17001A","Universe:  White alone population for whom poverty status is determined"
"C17001A","Universe:  White alone population for whom poverty status is determined"
"B17001B","Universe:  Black or African American alone population for whom poverty status is determined"
"C17001B","Universe:  Black or African American alone population for whom poverty status is determined"
"B17001C","Universe:  American Indian and Alaska Native alone population for whom poverty status is determined"
"C17001C","Universe:  American Indian and Alaska Native alone population for whom poverty status is determined"
"B17001D","Universe:  Asian alone population for whom poverty status is determined"
"C17001D","Universe:  Asian alone population for whom poverty status is determined"
"B17001E","Universe:  Native Hawaiian and Other Pacific Islander alone population for whom poverty status is determined"
"C17001E","Universe:  Native Hawaiian and Other Pacific Islander alone population for whom poverty status is determined"
"B17001F","Universe:  Some other race alone population for whom poverty status is determined"
"C17001F","Universe:  Some other race alone population for whom poverty status is determined"
"B17001G","Universe:  Two or more races population for whom poverty status is determined"
"C17001G","Universe:  Two or more races population for whom poverty status is determined"
"B17001H","Universe:  White alone, not Hispanic or Latino population for whom poverty status is determined"
"C17001H","Universe:  White alone, not Hispanic or Latino population for whom poverty status is determined"
"B17001I","Universe:  Hispanic or Latino population for whom poverty status is determined"
"C17001I","Universe:  Hispanic or Latino population for whom poverty status is determined"
"B17002","Universe:  Population for whom poverty status is determined"
"C17002","Universe:  Population for whom poverty status is determined"
"B17003","Universe:  Population 25 years and over for whom poverty status is determined "
"C17003"," Universe: Population 25 years and over for whom poverty status is determined  "
"B17004","Universe:  Population 16 years and over for whom poverty status is determined "
"C17004","Universe: Population 16 years and over for whom poverty status is determined  "
"B17005","Universe:  Civilian population 16 years and over for whom poverty status is determined "
"B17006","Universe:  Related children under 18 years"
"C17006","Universe:  Related children under 18 years"
"B17007","Universe:  Unrelated individuals 15 years and over for whom poverty status is determined"
"C17007","Universe:  Unrelated individuals 15 years and over for whom poverty status is determined"
"B17008","Universe:  Unrelated individuals 15 years and over for whom poverty status is determined"
"B17009","Universe:  Unrelated individuals 15 years and over for whom poverty status is determined"
"C17009","Universe:  Unrelated individuals 15 years and over for whom poverty status is determined"
"B17010","Universe:  Families"
"C17010","Universe:  Families "
"B17010A","Universe:  Families with a householder who is White alone"
"C17010A","Universe:  Families with a householder who is White alone"
"B17010B","Universe:  Families with a householder who is Black or African American alone"
"C17010B","Universe:  Families with a householder who is Black or African American alone"
"B17010C","Universe:  Families with a householder who is American Indian and Alaska Native alone"
"C17010C","Universe:  Families with a householder who is American Indian and Alaska Native alone"
"B17010D","Universe:  Families with a householder who is Asian alone"
"C17010D","Universe:  Families with a householder who is Asian alone"
"B17010E","Universe:  Families with a householder who is Native Hawaiian and Other Pacific Islander alone"
"C17010E","Universe:  Families with a householder who is Native Hawaiian and Other Pacific Islander alone"
"B17010F","Universe:  Families with a householder who is Some other race alone"
"C17010F","Universe:  Families with a householder who is Some other race alone"
"B17010G","Universe:  Families with a householder who is Two or more races"
"C17010G","Universe:  Families with a householder who is Two or more races"
"B17010H","Universe:  Families with a householder who is White alone, not Hispanic or Latino"
"C17010H","Universe:  Families with a householder who is White alone, not Hispanic or Latino"
"B17010I","Universe:  Families with a householder who is Hispanic or Latino"
"C17010I","Universe:  Families with a householder who is Hispanic or Latino"
"B17011","Universe:  Families with income in the past 12 months below the poverty level"
"B17012","Universe:  Families"
"C17012","Universe:  Families"
"B17013","Universe:  Families"
"C17013","Universe:  Families"
"B17014","Universe:  Families"
"C17014","Universe:  Families"
"B17015","Universe:  Families"
"C17015","Universe:  Families"
"B17016","Universe:  Families"
"C17016","Universe:  Families"
"B17017","Universe:  Households"
"C17017","Universe:  Households"
"B17018","Universe:  Families "
"C17018","Universe:  Families"
"B17019","Universe:  Families"
"C17019","Universe:  Families"
"B17020","Universe:  Population for whom poverty status is determined"
"B17020A","Universe:  White alone population for whom poverty status is determined"
"B17020B","Universe:  Black or African American alone population for whom poverty status is determined"
"B17020C","Universe:  American Indian and Alaska Native alone population for whom poverty status is determined"
"B17020D","Universe:  Asian alone population for whom poverty status is determined"
"B17020E","Universe:  Native Hawaiian and Other Pacific Islander alone population for whom poverty status is determined"
"B17020F","Universe:  Some other race alone population for whom poverty status is determined"
"B17020G","Universe:  Two or more races population for whom poverty status is determined"
"B17020H","Universe:  White alone, not Hispanic or Latino population for whom poverty status is determined"
"B17020I","Universe:  Hispanic or Latino population for whom poverty status is determined"
"B17021","Universe:  Population for whom poverty status is determined"
"C17021","Universe:  Population for whom poverty status is determined"
"B17022","Universe:  Families "
"C17022","Universe:  Families"
"B17023","Universe:  Families"
"C17023","Universe:  Families"
"B17024","Universe: Population for whom poverty status is determined"
"C17024","Universe: Population for whom poverty status is determined"
"B17025","Universe: Population for whom poverty status is determined"
"C17025","Universe: Population for whom poverty status is determined"
"B17026","Universe:  Families"
"C17026","Universe:  Families"
"B18101","Universe:  Civilian noninstitutionalized population"
"C18101","Universe:  Civilian noninstitutionalized population"
"B18101A","Universe:  White alone civilian noninstitutionalized population"
"B18101B","Universe:  Black or African American alone civilian noninstitutionalized population"
"B18101C","Universe:  American Indian and Alaska Native alone civilian noninstitutionalized population"
"B18101D","Universe:  Asian alone civilian noninstitutionalized population"
"B18101E","Universe:  Native Hawaiian and other Pacific Islander alone civilian noninstitutionalized population"
"B18101F","Universe:  Some other race alone civilian noninstitutionalized population"
"B18101G","Universe:  Two or more races civilian noninstitutionalized population"
"B18101H","Universe:  White alone, not Hispanic or Latino civilian noninstitutionalized population"
"B18101I","Universe:  Hispanic or Latino civilian noninstitutionalized population"
"B18102","Universe:  Civilian noninstitutionalized population"
"C18102","Universe:  Civilian noninstitutionalized population"
"B18103","Universe:  Civilian noninstitutionalized population"
"C18103","Universe:  Civilian noninstitutionalized population"
"B18104","Universe:  Civilian noninstitutionalized population 5 years and over"
"C18104","Universe:  Civilian noninstitutionalized population 5 years and over"
"B18105","Universe:  Civilian noninstitutionalized population 5 years and over"
"C18105","Universe:  Civilian noninstitutionalized population 5 years and over"
"B18106","Universe:  Civilian noninstitutionalized population 5 years and over"
"C18106","Universe:  Civilian noninstitutionalized population 5 years and over"
"B18107","Universe:  Civilian noninstitutionalized population 18 years and over"
"C18107","Universe:  Civilian noninstitutionalized population 18 years and over"
"B18108","Universe:  Civilian noninstitutionalized population"
"C18108","Universe:  Civilian noninstitutionalized population"
"B18120","Universe:  Civilian noninstitutionalized population 18 to 64 years"
"C18120","Universe:  Civilian noninstitutionalized population 18 to 64 years"
"B18121","Universe:  Civilian Noninstitutionalized Population 18 to 64 years"
"C18121","Universe:  Civilian Noninstitutionalized Population 18 to 64 years"
"B18130","Universe:  Civilian noninstitutionalized population for whom poverty status is determined"
"C18130","Universe:  Civilian noninstitutionalized population for whom poverty status is determined"
"B18131","Universe:  Civilian Noninstitutionalized Population for Whom Poverty Status is Determined"
"C18131","Universe:  Civilian Noninstitutionalized Population for Whom Poverty Status is Determined"
"B18135","Universe:  Civilian Noninstitutionalized Population"
"B18140","Universe:  Civilian Noninstitutionalized Population 16 Years and Over with Earnings in the Past 12 Months"
"B19001","Universe:  Households"
"B19001A","Universe:  Households with a householder who is White alone"
"B19001B","Universe:  Households with a householder who is Black or African American alone"
"B19001C","Universe:  Households with a householder who is American Indian and Alaska Native alone"
"B19001D","Universe:  Households with a householder who is Asian alone"
"B19001E","Universe:  Households with a householder who is Native Hawaiian and Other Pacific Islander alone"
"B19001F","Universe:  Households with a householder who is Some other race alone"
"B19001G","Universe:  Households with a householder who is Two or more races"
"B19001H","Universe:  Households with a householder who is White alone, not Hispanic or Latino"
"B19001I","Universe:  Households with a householder who is Hispanic or Latino"
"B19013","Universe:  Households"
"B19013A","Universe:  Households with a householder who is White alone"
"B19013B","Universe:  Households with a householder who is Black or African American alone"
"B19013C","Universe:  Households with a householder who is American Indian and Alaska Native alone"
"B19013D","Universe:  Households with a householder who is Asian alone"
"B19013E","Universe:  Households with a householder who is Native Hawaiian and Other Pacific Islander alone"
"B19013F","Universe:  Households with a householder who is Some other race alone"
"B19013G","Universe:  Households with a householder who is Two or more races"
"B19013H","Universe:  Households with a householder who is White alone, not Hispanic or Latino"
"B19013I","Universe:  Households with a householder who is Hispanic or Latino"
"B19019","Universe:  Households"
"B19025","Universe:  Households"
"B19025A","Universe:  Households with a householder who is White alone"
"B19025B","Universe:  Households with a householder who is Black or African American alone"
"B19025C","Universe:  Households with a householder who is American Indian and Alaska Native alone"
"B19025D","Universe:  Households with a householder who is Asian alone"
"B19025E","Universe:  Households with a householder who is Native Hawaiian and Other Pacific Islander alone"
"B19025F","Universe:  Households with a householder who is Some other race alone"
"B19025G","Universe:  Households with a householder who is Two or more races"
"B19025H","Universe:  Households with a householder who is White alone, not Hispanic or Latino"
"B19025I","Universe:  Households with a householder who is Hispanic or Latino"
"B19037","Universe:  Households"
"B19037A","Universe:  Households with a householder who is White alone"
"B19037B","Universe:  Households with a householder who is Black or African American alone"
"B19037C","Universe:  Households with a householder who is American Indian and Alaska Native alone"
"B19037D","Universe:  Households with a householder who is Asian alone"
"B19037E","Universe:  Households with a householder who is Native Hawaiian and Other Pacific Islander alone"
"B19037F","Universe:  Households with a householder who is Some other race alone"
"B19037G","Universe:  Households with a householder who is Two or more races"
"B19037H","Universe:  Households with a householder who is White alone, not Hispanic or Latino"
"B19037I","Universe:  Households with a householder who is Hispanic or Latino"
"B19049","Universe:  Households"
"B19050","Universe:  Households"
"B19051","Universe:  Households"
"B19052","Universe:  Households"
"B19053","Universe:  Households"
"B19054","Universe:  Households"
"B19055","Universe:  Households"
"B19056","Universe:  Households"
"B19057","Universe:  Households"
"B19058","Universe:  Households"
"B19059","Universe:  Households"
"B19060","Universe:  Households"
"B19061","Universe:  Households"
"B19062","Universe:  Households"
"B19063","Universe:  Households"
"B19064","Universe:  Households"
"B19065","Universe:  Households"
"B19066","Universe:  Households"
"B19067","Universe:  Households"
"B19069","Universe:  Households"
"B19070","Universe:  Households"
"B19080","Universe: Households"
"B19081","Universe: Households"
"B19082","Universe: Households"
"B19083","Universe: Households"
"B19101","Universe:  Families"
"B19101A","Universe:  Families with a householder who is White alone"
"B19101B","Universe:  Families with a householder who is Black or African American alone"
"B19101C","Universe:  Families with a householder who is American Indian and Alaska Native alone"
"B19101D","Universe:  Families with a householder who is Asian alone"
"B19101E","Universe:  Families with a householder who is Native Hawaiian and Other Pacific Islander alone"
"B19101F","Universe:  Families with a householder who is Some other race alone"
"B19101G","Universe:  Families with a householder who is Two or more races"
"B19101H","Universe:  Families with a householder who is White alone, not Hispanic or Latino"
"B19101I","Universe:  Families with a householder who is Hispanic or Latino"
"B19113","Universe:  Families"
"B19113A","Universe:  Families with a householder who is White alone"
"B19113B","Universe:  Families with a householder who is Black or African American alone"
"B19113C","Universe:  Families with a householder who is American Indian and Alaska Native alone"
"B19113D","Universe:  Families with a householder who is Asian alone"
"B19113E","Universe:  Families with a householder who is Native Hawaiian and Other Pacific Islander alone"
"B19113F","Universe:  Families with a householder who is Some other race alone"
"B19113G","Universe:  Families with a householder who is Two or more races"
"B19113H","Universe:  Families with a householder who is White alone, not Hispanic or Latino"
"B19113I","Universe:  Families with a householder who is Hispanic or Latino"
"B19119","Universe:  Families"
"B19121","Universe:  Families"
"B19125","Universe:  Families"
"B19126","Universe:  Families"
"B19127","Universe:  Families"
"B19128","Universe:  Families"
"B19129","Universe:  Families"
"B19130","Universe:  Families"
"B19131","Universe:  Families"
"C19131","Universe:  Families"
"B19201","Universe:  Nonfamily households"
"C19201","Universe:  Nonfamily households"
"B19202","Universe:  Nonfamily households"
"B19202A","Universe:  Nonfamily households with a householder who is White alone"
"B19202B","Universe:  Nonfamily households with a householder who is Black or African American alone"
"B19202C","Universe:  Nonfamily households with householder who is American Indian and Alaska Native alone"
"B19202D","Universe:  Nonfamily households with a householder who is Asian alone"
"B19202E","Universe:  Nonfamily households with a householder who is Native Hawaiian and Other Pacific Islander alone"
"B19202F","Universe:  Nonfamily households with a householder who is Some other race alone"
"B19202G","Universe:  Nonfamily households with a householder who is Two or more races"
"B19202H","Universe:  Nonfamily households with a householder who is White alone, Not Hispanic or Latino"
"B19202I","Universe:  Nonfamily households with a householder who is Hispanic or Latino"
"B19214","Universe:  Nonfamily households"
"B19215","Universe:  Nonfamily households"
"B19216","Universe:  Nonfamily households"
"B19301","Universe:  Total population"
"B19301A","Universe:  People who are White alone"
"B19301B","Universe:  People who are Black or African American alone"
"B19301C","Universe:  People who are American Indian and Alaska Native alone"
"B19301D","Universe:  People who are Asian alone"
"B19301E","Universe:  People who are Native Hawaiian and Other Pacific Islander alone"
"B19301F","Universe:  People who are Some Other Race alone"
"B19301G","Universe:  Two or more races population"
"B19301H","Universe:  White alone, not Hispanic or Latino population"
"B19301I","Universe:  People who are Hispanic or Latino"
"B19313","Universe:  Population 15 years and over"
"B19313A","Universe:  White alone population 15 years and over"
"B19313B","Universe:  Black or African American alone population 15 years and over"
"B19313C","Universe:  American Indian and Alaska Native alone population 15 years and over"
"B19313D","Universe:  Asian alone population 15 years and over"
"B19313E","Universe:  Native Hawaiian and Other Pacific Islander alone population 15 years and over"
"B19313F","Universe:  Some other race alone population 15 years and over"
"B19313G","Universe:  Two or more races population 15 years and over"
"B19313H","Universe:  White alone, not Hispanic or Latino population 15 years and over"
"B19313I","Universe:  Hispanic or Latino population 15 years and over"
"B19325","Universe:  Population 15 years and over"
"B19326","Universe:  Population 15 years and over with income in the past 12 months"
"B20001","Universe:  Population 16 years and over with earnings"
"B20002","Universe:  Population 16 years and over with earnings"
"B20003","Universe:  Population 16 years and over with earnings"
"B20004","Universe:  Population 25 years and over with earnings"
"B20005","Universe:  Population 16 years and over"
"B20005A","Universe:  White alone population 16 years and over"
"B20005B","Universe:  Black or African American alone population 16 years and over"
"B20005C","Universe:  American Indian and Alaska Native alone population 16 years and over"
"B20005D","Universe:  Asian alone population 16 years and over"
"B20005E","Universe:  Native Hawaiian and Other Pacific Islander alone population 16 years and over"
"B20005F","Universe:  Some other race alone population 16 years and over"
"B20005G","Universe:  Two or more races population 16 years and over"
"B20005H","Universe:  White alone, not Hispanic or Latino population 16 years and over"
"B20005I","Universe:  Hispanic or Latino population 16 years and over"
"B20017","Universe:  Population 16 years and over with earnings"
"B20017A","Universe:  White alone population 16 years and over with earnings in the past 12 months"
"B20017B","Universe:  Black or African American alone population 16 years and over with earnings in the past 12 months"
"B20017C","Universe:  American Indian and Alaska Native alone population 16 years and over with earnings in the past 12 months"
"B20017D","Universe:  Asian alone population 16 years and over with earnings in the past 12 months"
"B20017E","Universe:  Native Hawaiian and Other Pacific Islander alone population 16 years and over with earnings in the past 12 months"
"B20017F","Universe:  Some other race alone population 16 years and over with earnings in the past 12 months"
"B20017G","Universe:  Two or more races population 16 years and over with earnings in the past 12 months"
"B20017H","Universe:  White alone, not Hispanic or Latino population 16 years and over with earnings in the past 12 months"
"B20017I","Universe:  Hispanic or Latino population 16 years and over with earnings in the past 12 months"
"B21001","Universe:  Civilian population 18 years and over"
"B21001A","Universe: White alone civilian population 18 years and over"
"C21001A","Universe: White alone civilian population 18 years and over"
"B21001B","Universe: Black or African American alone civilian population 18 years and over"
"C21001B","Universe: Black or African American alone civilian population 18 years and over"
"B21001C","Universe: American Indian and Alaska Native alone civilian population 18 years and over"
"C21001C","Universe: American Indian and Alaska Native alone civilian population 18 years and over"
"B21001D","Universe: Asian alone civilian population 18 years and over"
"C21001D","Universe: Asian alone civilian population 18 years and over"
"B21001E","Universe: Native Hawaiian and Other Pacific Islander alone civilian population 18 years and over"
"C21001E","Universe: Native Hawaiian and Other Pacific Islander alone civilian population 18 years and over"
"B21001F","Universe: Some other race alone civilian population 18 years and over"
"C21001F","Universe: Some other race alone civilian population 18 years and over"
"B21001G","Universe: Two or more races civilian population 18 years and over"
"C21001G","Universe: Two or more races civilian population 18 years and over"
"B21001H","Universe: White alone, not Hispanic or Latino civilian population 18 years and over"
"C21001H","Universe: White alone, not Hispanic or Latino civilian population 18 years and over"
"B21001I","Universe: Hispanic or Latino civilian population 18 years and over"
"C21001I","Universe: Hispanic or Latino civilian population 18 years and over"
"B21002","Universe:  Civilian veterans 18 years and over"
"B21003","Universe:  Civilian population 25 years and over"
"B21004","Universe:  Civilian population 18 years and over with income in the past 12 months"
"B21005","Universe:  Civilian population 18 to 64 years "
"C21005","Universe:  Civilian population 18 to 64 years "
"B21007","Universe:  Civilian population 18 years and over for whom poverty status is determined"
"C21007","Universe:  Civilian population 18 years and over for whom poverty status is determined"
"B21100","Universe:  Civilian veterans 18 years and over"
"C21100","Universe:  Civilian veterans 18 years and over"
"B22001","Universe:  Households"
"C22001","Universe:  Households"
"B22002","Universe:  Households"
"B22003","Universe:  Households"
"B22005A","Universe:  Households with a householder who is White alone"
"B22005B","Universe:  Households with a householder who is Black or African American alone"
"B22005C","Universe:  Households with a householder who is American Indian and Alaska Native alone"
"B22005D","Universe:  Households with a householder who is Asian alone"
"B22005E","Universe:  Households with a householder who is Native Hawaiian and Other Pacific Islander alone"
"B22005F","Universe:  Households with a householder who is Some other race alone"
"B22005G","Universe:  Households with a householder who is Two or more races"
"B22005H","Universe:  Households with a householder who is White alone, not Hispanic or Latino"
"B22005I","Universe:  Households with a householder who is Hispanic or Latino"
"B22007","Universe:  Families "
"B22008","Universe:  Households "
"B22010","Universe:  Households "
"B23001","Universe:  Population 16 years and over"
"C23001","Universe:  Population 16 years and over"
"B23002A","Universe:  White alone population 16 years and over"
"C23002A","Universe:  White alone population 16 years and over"
"B23002B","Universe:  Black or African American alone population 16 years and over"
"C23002B","Universe:  Black or African American alone population 16 years and over"
"B23002C","Universe:  American Indian and Alaska Native alone population 16 years and over"
"C23002C","Universe:  American Indian and Alaska Native alone population 16 years and over"
"B23002D","Universe:  Asian alone population 16 years and over"
"C23002D","Universe:  Asian alone population 16 years and over"
"B23002E","Universe:  Native Hawaiian and Other Pacific Islander alone population 16 years and over"
"C23002E","Universe:  Native Hawaiian and Other Pacific Islander alone population 16 years and over"
"B23002F","Universe:  Some other race alone population 16 years and over"
"C23002F","Universe:  Some other race alone population 16 years and over"
"B23002G","Universe:  Two or more races population 16 years and over"
"C23002G","Universe:  Two or more races population 16 years and over"
"B23002H","Universe:  White alone, not Hispanic or Latino population 16 years and over"
"C23002H","Universe:  White alone, not Hispanic or Latino population 16 years and over"
"B23002I","Universe:  Hispanic or Latino population 16 years and over"
"C23002I","Universe:  Hispanic or Latino population 16 years and over"
"B23003","Universe:  Females 20 to 64 years in households"
"C23004","Universe: Civilian population 65 Years and Over "
"B23006","Universe:  Population 25 to 64 years"
"B23007","Universe:  Opposite-sex married-couple families and families maintained by women and men with no spouse present"
"C23007","Universe:  Opposite-sex married-couple families and families maintained by women and men with no spouse present"
"B23008","Universe:  Own children under 18 years in families and subfamilies"
"C23008","Universe:  Own children under 18 years in families and subfamilies"
"B23009","Universe:  Families "
"B23010","Universe:  Married-couple families"
"B23013","Universe:  Population 16 to 64 years who have worked in the past 12 months"
"B23018","Universe:  Population 16 to 64 years who have worked in the past 12 months"
"B23020","Universe:  Population 16 to 64 years who have worked in the past 12 months"
"B23022","Universe:  Population 16 to 64 years "
"C23022","Universe:  Population 16 to 64 years "
"B23024","Universe:  Population 20 to 64 years for whom poverty status is determined"
"B23025","Universe:  Population 16 years and over"
"B23026","Universe: Civilian population 65 Years and Over "
"B23027","Universe: Population 16 years and over"
"B24010","Universe:  Civilian employed population 16 years and over "
"C24010","Universe:  Civilian employed population 16 years and over "
"B24010A","Universe:  Civilian employed White alone population 16 years and over"
"C24010A","Universe:  Civilian employed White alone population 16 years and over"
"B24010B","Universe: Civilian employed Black or African American alone population 16 years and over"
"C24010B","Universe:  Civilian employed Black or African American alone population 16 years and over"
"B24010C","Universe: Civilian employed American Indian and Alaska Native alone population 16 years and over"
"C24010C","Universe:  Civilian employed American Indian and Alaska Native alone population 16 years and over"
"B24010D","Universe: Civilian employed Asian alone population 16 years and over"
"C24010D","Universe:  Civilian employed Asian alone population 16 years and over"
"B24010E","Universe: Civilian employed Native Hawaiian and Other Pacific Islander alone population 16 years and over"
"C24010E","Universe:  Civilian employed Native Hawaiian and Other Pacific Islander alone population 16 years and over"
"B24010F","Universe: Civilian employed Some other race alone population 16 years and over"
"C24010F","Universe:  Civilian employed Some other race alone population 16 years and over"
"B24010G","Universe: Civilian employed Two or more races population 16 years and over"
"C24010G","Universe:  Civilian employed Two or more races population 16 years and over"
"B24010H","Universe: Civilian employed White alone, not Hispanic or Latino population 16 years and over"
"C24010H","Universe:  Civilian employed White alone, not Hispanic or Latino population 16 years and over"
"B24010I","Universe: Civilian employed Hispanic or Latino population 16 years and over"
"C24010I","Universe:  Civilian employed Hispanic or Latino population 16 years and over"
"B24011","Universe:  Civilian employed population 16 years and over with earnings"
"B24012","Universe:  Civilian employed population 16 years and over with earnings"
"B24020","Universe:  Full-time, year-round civilian employed population 16 years and over"
"C24020","Universe:  Full-time, year-round civilian employed population 16 years and over"
"B24021","Universe:  Full-time, year-round civilian employed population 16 years and over with earnings"
"B24022","Universe:  Full-time, year-round civilian employed population 16 years and over with earnings"
"B24030","Universe:  Civilian employed population 16 years and over "
"C24030","Universe:  Civilian employed population 16 years and over"
"B24031","Universe:  Civilian employed population 16 years and over with earnings"
"B24032","Universe:  Civilian employed population 16 years and over with earnings"
"B24040","Universe:  Full-time, year-round civilian employed population 16 years and over"
"C24040","Universe:  Full-time, year-round civilian employed population 16 years and over"
"B24041","Universe:  Full-time, year-round civilian employed population 16 years and over with earnings"
"B24042","Universe:  Full-time, year-round civilian employed population 16 years and over with earnings"
"B24050","Universe:  Civilian employed population 16 years and over "
"C24050","Universe:  Civilian employed population 16 years and over"
"B24060","Universe:  Civilian employed population 16 years and over"
"C24060","Universe:  Civilian employed population 16 years and over"
"B24070","Universe:  Civilian employed population 16 years and over"
"C24070","Universe:  Civilian employed population 16 years and over"
"B24080","Universe:  Civilian employed population 16 years and over"
"C24080","Universe:  Civilian employed population 16 years and over"
"B24081","Universe:  Civilian employed population 16 years and over with earnings"
"B24082","Universe:  Civilian employed population 16 years and over with earnings"
"B24090","Universe:  Full-time, year-round civilian employed population 16 years and over"
"C24090","Universe:  Full-time, year-round civilian employed population 16 years and over"
"B24091","Universe:  Full-time, year-round civilian employed population 16 years and over with earnings"
"B24092","Universe:  Full-time, year-round civilian employed population 16 years and over with earnings"
"B24121","Universe:  Full-time, year-round civilian employed population 16 years and over with earnings"
"B24122","Universe:  Full-time, year-round civilian employed male population 16 years and over with earnings"
"B24123","Universe:  Full-time, year-round civilian employed female population 16 years and over with earnings"
"B24124","Universe:  Full-time, year-round civilian employed population 16 years and over"
"B24125","Universe:  Full-time, year-round civilian employed male population 16 years and over"
"B24126","Universe:  Full-time, year-round civilian employed female population 16 years and over "
"B25001","Universe:  Housing units"
"B25002","Universe:  Housing units"
"B25003","Universe:  Occupied housing units"
"B25003A","Universe:  Occupied housing units with a householder who is White alone"
"B25003B","Universe:  Occupied housing units with a householder who is Black or African American alone"
"B25003C","Universe:  Occupied housing units with a householder who is American Indian and Alaska Native alone"
"B25003D","Universe:  Occupied housing units with a householder who is Asian alone"
"B25003E","Universe:  Occupied housing units with a householder who is Native Hawaiian and Other Pacific Islander alone"
"B25003F","Universe:  Occupied housing units with a householder who is Some other race alone"
"B25003G","Universe:  Occupied housing units with a householder who is Two or more races"
"B25003H","Universe:  Occupied housing units with a householder who is White alone, not Hispanic or Latino"
"B25003I","Universe:  Occupied housing units with a householder who is Hispanic or Latino"
"B25004","Universe:  Vacant housing units"
"C25004","Universe:  Vacant housing units"
"B25005","Universe:  Vacant housing units"
"B25006","Universe:  Occupied housing units"
"B25007","Universe:  Occupied housing units"
"B25008","Universe:  Total population in occupied housing units"
"B25009","Universe:  Occupied housing units"
"B25010","Universe:  Occupied housing units"
"B25011","Universe:  Occupied housing units"
"B25012","Universe:  Occupied housing units"
"B25013","Universe:  Occupied housing units "
"B25014","Universe:  Occupied housing units"
"B25014A","Universe:  Occupied housing units with a householder who is White alone"
"B25014B","Universe:  Occupied housing units with a householder who is Black or African American alone"
"B25014C","Universe:  Occupied housing units with a householder who is American Indian and Alaska Native alone"
"B25014D","Universe:  Occupied housing units with a householder who is Asian alone"
"B25014E","Universe:  Occupied housing units with a householder who is Native Hawaiian and Other Pacific Islander alone"
"B25014F","Universe:  Occupied housing units with a householder who is Some other race alone"
"B25014G","Universe:  Occupied housing units with a householder who is Two or more races"
"B25014H","Universe:  Occupied housing units with a householder who is White alone, not Hispanic or Latino"
"B25014I","Universe:  Occupied housing units with a householder who is Hispanic or Latino"
"B25015","Universe:  Occupied housing units"
"B25016","Universe:  Occupied housing units"
"B25017","Universe:  Housing units"
"B25018","Universe:  Housing units"
"B25019","Universe:  Housing units"
"B25020","Universe:  Occupied housing units"
"B25021","Universe:  Occupied housing units"
"B25022","Universe:  Occupied housing units"
"B25024","Universe:  Housing units"
"B25026","Universe:  Total population in occupied housing units"
"B25027","Universe:  Owner-occupied housing units"
"B25031","Universe: Renter-occupied housing units paying cash rent"
"B25032","Universe:  Occupied housing units "
"C25032","Universe:  Occupied housing units "
"B25032A","Universe:  Occupied housing units with a householder who is White alone"
"B25032B","Universe:  Occupied housing units with a householder who is Black or African American alone"
"B25032C","Universe:  Occupied housing units with a householder who is American Indian and Alaska Native alone"
"B25032D","Universe:  Occupied housing units with a householder who is Asian alone"
"B25032E","Universe:  Occupied housing units with a householder who is Native Hawaiian and Other Pacific Islander alone"
"B25032F","Universe:  Occupied housing units with a householder who is Some other race alone"
"B25032G","Universe:  Occupied housing units with a householder who is Two or more races"
"B25032H","Universe:  Occupied housing units with a householder who is White alone, not Hispanic or Latino"
"B25032I","Universe:  Occupied housing units with a householder who is Hispanic or Latino"
"B25033","Universe:  Total population in occupied housing units"
"C25033","Universe:  Total population in occupied housing units"
"B25034","Universe:  Housing units"
"B25035","Universe:  Housing units"
"B25036","Universe:  Occupied housing units"
"B25037","Universe:  Occupied housing units"
"B25038","Universe:  Occupied housing units"
"B25039","Universe:  Occupied housing units"
"B25040","Universe:  Occupied housing units"
"B25041","Universe:  Housing units"
"B25042","Universe:  Occupied housing units"
"B25043","Universe:  Occupied housing units"
"B25044","Universe:  Occupied housing units"
"B25045","Universe:  Occupied housing units"
"C25045","Universe:  Occupied housing units"
"B25046","Universe:  Occupied housing units"
"B25047","Universe:  Housing units"
"B25048","Universe:  Occupied housing units"
"B25049","Universe:  Occupied housing units"
"B25050","Universe:  Occupied housing units"
"B25051","Universe:  Housing units"
"B25052","Universe:  Occupied housing units"
"B25053","Universe:  Occupied housing units"
"B25054","Universe:  Renter-occupied housing units paying cash rent"
"B25055","Universe:  Renter-occupied housing units paying cash rent"
"C25055","Universe:  Renter-occupied housing units paying cash rent"
"B25056","Universe:  Renter-occupied housing units"
"C25056","Universe:  Renter-occupied housing units"
"B25057","Universe:  Renter-occupied housing units paying cash rent"
"B25058","Universe:  Renter-occupied housing units paying cash rent"
"B25059","Universe:  Renter-occupied housing units paying cash rent"
"B25060","Universe:  Renter-occupied housing units paying cash rent"
"B25061","Universe:  Vacant-for-rent and rented, not occupied housing units"
"B25062","Universe:  Vacant-for-rent and rented, not occupied housing units"
"B25063","Universe:  Renter-occupied housing units"
"B25064","Universe:  Renter-occupied housing units paying cash rent"
"B25065","Universe:  Renter-occupied housing units paying cash rent"
"B25066","Universe:  Renter-occupied housing units paying cash rent"
"B25067","Universe:  Renter-occupied housing units paying cash rent"
"B25068","Universe:  Renter-occupied housing units"
"C25068","Universe:  Renter-occupied housing units"
"B25069","Universe:  Renter-occupied housing units"
"B25070","Universe:  Renter-occupied housing units"
"B25071","Universe:  Renter-occupied housing units paying cash rent"
"B25072","Universe:  Renter-occupied housing units"
"B25074","Universe:  Renter-occupied housing units"
"C25074","Universe:  Renter-occupied housing units"
"B25075","Universe:  Owner-occupied housing units"
"C25075","Universe:  Owner-occupied housing units"
"B25076","Universe:  Owner-occupied housing units"
"B25077","Universe:  Owner-occupied housing units"
"B25078","Universe:  Owner-occupied housing units"
"B25079","Universe:  Owner-occupied housing units"
"B25080","Universe:  Owner-occupied housing units"
"B25081","Universe:  Owner-occupied housing units"
"B25082","Universe:  Owner-occupied housing units"
"B25083","Universe:  Owner-occupied mobile homes"
"B25085","Universe:  Vacant-for-sale-only and sold, not occupied housing units"
"C25085","Universe:  Vacant-for-sale-only and sold, not occupied housing units"
"B25086","Universe:  Vacant-for-sale-only and sold, not occupied housing units"
"B25087","Universe:  Owner-occupied housing units"
"B25088","Universe:  Owner-occupied housing units"
"B25089","Universe:  Owner-occupied housing units"
"B25090","Universe:  Owner-occupied housing units"
"B25091","Universe:  Owner-occupied housing units"
"B25092","Universe:  Owner-occupied housing units"
"B25093","Universe:  Owner-occupied housing units"
"C25093","Universe:  Owner-occupied housing units"
"B25094","Universe:  Owner-occupied housing units"
"B25095","Universe:  Owner-occupied housing units"
"C25095","Universe:  Owner-occupied housing units"
"B25096","Universe:  Owner-occupied housing units"
"B25097","Universe:  Owner-occupied housing units"
"B25098","Universe:  Owner-occupied housing units"
"B25099","Universe:  Owner-occupied housing units"
"B25100","Universe:  Owner-occupied housing units"
"B25101","Universe:  Owner-occupied housing units"
"B25102","Universe:  Owner-occupied housing units"
"B25103","Universe:  Owner-occupied housing units"
"B25104","Universe:  Occupied housing units"
"B25105","Universe:  Occupied housing units with monthly housing costs"
"B25106","Universe:  Occupied housing units"
"B25107","Universe:  Owner-occupied housing units"
"B25108","Universe:  Owner-occupied housing units"
"B25109","Universe:  Owner-occupied housing units"
"B25110","Universe:  Owner-occupied housing units"
"B25111","Universe: Renter-occupied housing units paying cash rent"
"B25112","Universe:  Renter-occupied housing units"
"B25113","Universe: Renter-occupied housing units paying cash rent"
"B25114","Universe:  Renter-occupied housing units"
"B25115","Universe:  Occupied housing units"
"B25116","Universe:  Occupied housing units"
"B25117","Universe:  Occupied housing units"
"B25118","Universe:  Occupied housing units"
"B25119","Universe:  Occupied housing units"
"B25120","Universe:  Occupied housing units"
"B25121","Universe:  Owner-occupied housing units"
"C25121","Universe:  Owner-occupied housing units"
"B25122","Universe:  Renter-occupied housing units"
"C25122","Universe:  Renter-occupied housing units"
"B25123","Universe:  Occupied housing units"
"B25124","Universe:  Occupied housing units"
"B25125","Universe:  Occupied housing units"
"B25126","Universe:  Occupied housing units"
"B25127","Universe:  Occupied housing units"
"B25128","Universe:  Occupied housing units"
"B25129","Universe:  Occupied housing units"
"B26001","Universe: Population in Group Quarters"
"B27001","Universe:  Civilian noninstitutionalized population  "
"C27001","Universe:  Civilian noninstitutionalized population  "
"B27001A","Universe:  WHITE ALONE CIVILIAN NONINSTITUTIONALIZED POPULATION"
"C27001A","Universe:  WHITE ALONE CIVILIAN NONINSTITUTIONALIZED POPULATION"
"B27001B","Universe:  BLACK OR AFRICAN AMERICAN ALONE CIVILIAN NONINSTITUTIONALIZED POPULATION"
"C27001B","Universe:  BLACK OR AFRICAN AMERICAN ALONE CIVILIAN NONINSTITUTIONALIZED POPULATION"
"B27001C","Universe:  AMERICAN INDIAN AND ALASKA NATIVE ALONE CIVILIAN NONINSTITUTIONALIZED POPULATION"
"C27001C","Universe:  AMERICAN INDIAN AND ALASKA NATIVE ALONE CIVILIAN NONINSTITUTIONALIZED POPULATION"
"B27001D","Universe:  ASIAN ALONE CIVILIAN NONINSTITUTIONALIZED POPULATION"
"C27001D","Universe:  ASIAN ALONE CIVILIAN NONINSTITUTIONALIZED POPULATION"
"B27001E","Universe:  NATIVE HAWAIIAN AND OTHER PACIFIC ISLANDER ALONE CIVILIAN NONINSTITUTIONALIZED POPULATION"
"C27001E","Universe:  NATIVE HAWAIIAN AND OTHER PACIFIC ISLANDER ALONE CIVILIAN NONINSTITUTIONALIZED POPULATION"
"B27001F","Universe:  SOME OTHER RACE ALONE CIVILIAN NONINSTITUTIONALIZED POPULATION"
"C27001F","Universe:  SOME OTHER RACE ALONE CIVILIAN NONINSTITUTIONALIZED POPULATION"
"B27001G","Universe:  TWO OR MORE RACES CIVILIAN NONINSTITUTIONALIZED POPULATION"
"C27001G","Universe:  TWO OR MORE RACES CIVILIAN NONINSTITUTIONALIZED POPULATION"
"B27001H","Universe:  WHITE ALONE, NOT HISPANIC OR LATINO CIVILIAN NONINSTITUTIONALIZED POPULATION"
"C27001H","Universe:  WHITE ALONE, NOT HISPANIC OR LATINO CIVILIAN NONINSTITUTIONALIZED POPULATION"
"B27001I","Universe:  HISPANIC OR LATINO CIVILIAN NONINSTITUTIONALIZED POPULATION"
"C27001I","Universe:  HISPANIC OR LATINO CIVILIAN NONINSTITUTIONALIZED POPULATION"
"B27002","Universe:  Civilian noninstitutionalized population  "
"C27002","Universe:  Civilian noninstitutionalized population  "
"B27003","Universe:  Civilian noninstitutionalized population  "
"C27003","Universe:  Civilian noninstitutionalized population  "
"B27004","Universe:  Civilian noninstitutionalized population  "
"C27004","Universe:  Civilian noninstitutionalized population  "
"B27005","Universe:  Civilian noninstitutionalized population  "
"C27005","Universe:  Civilian noninstitutionalized population  "
"B27006","Universe:  Civilian noninstitutionalized population  "
"C27006","Universe:  Civilian noninstitutionalized population  "
"B27007","Universe:  Civilian noninstitutionalized population  "
"C27007","Universe:  Civilian noninstitutionalized population  "
"B27008","Universe:  Civilian noninstitutionalized population  "
"C27008","Universe:  Civilian noninstitutionalized population  "
"B27009","Universe:  Civilian noninstitutionalized population  "
"C27009","Universe:  Civilian noninstitutionalized population  "
"B27010","Universe:  Civilian noninstitutionalized population  "
"C27010","Universe:  Civilian noninstitutionalized population  "
"B27011","Universe:  Civilian noninstitutionalized population 18 years and over"
"B27012","Universe:  Civilian noninstitutionalized population 18 years and over"
"C27012","Universe:  Civilian noninstitutionalized population 18 years and over"
"B27013","Universe:  Civilian noninstitutionalized population 18 years and over"
"C27013","Universe:  Civilian noninstitutionalized population 18 years and over"
"B27014","Universe:  Civilian noninstitutionalized population 18 years and over"
"C27014","Universe:  Civilian noninstitutionalized population 18 years and over"
"B27015","Universe:  Civilian population living in households"
"B27016","Universe:  Civilian noninstitutionalized population for whom poverty status is determined"
"C27016","Universe:  Civilian noninstitutionalized population for whom poverty status is determined"
"B27017","Universe:  Civilian noninstitutionalized population for whom poverty status is determined"
"C27017","Universe:  Civilian noninstitutionalized population for whom poverty status is determined"
"B27018","Universe:  Civilian noninstitutionalized population for whom poverty status is determined"
"C27018","Universe:  Civilian noninstitutionalized population for whom poverty status is determined"
"B27019","Universe:  Civilian noninstitutionalized population 25 years and over"
"B27020","Universe:  Civilian noninstitutionalized population"
"B27021","Universe:  Civilian noninstitutionalized population"
"B27022","Universe:  Civilian noninstitutionalized population 19 to 25 years"
"B27023","Universe:  Civilian noninstitutionalized population 19 to 25 years"
"B28001","Universe:  Households"
"B28002","Universe:  Households"
"B28003","Universe:  Households"
"B28004","Universe:  Households"
"B28005","Universe:  Population in Households"
"B28006","Universe:  Household population 25 years and over"
"B28007","Universe:  Civilian household population 16 years and over"
"B28008","Universe:  Population in Households"
"B28009A","Universe:  White alone household population"
"B28009B","Universe:  Black or African American alone household population"
"B28009C","Universe:  American Indian and Alaska Native alone household population"
"B28009D","Universe:  Asian alone household population"
"B28009E","Universe:  Native Hawaiian and Other Pacific Islander alone household population"
"B28009F","Universe:  Some other race alone household population"
"B28009G","Universe:  Two or more races household population"
"B28009H","Universe:  White alone, not Hispanic or Latino household population"
"B28009I","Universe:  Hispanic or Latino household population"
"B28010","Universe:  Households"
"B28011","Universe:  Households"
"B98001","Universe: Housing Units"
"B98002","Universe: Population in Group Quarters"
"B98011","Universe: Housing Units"
"B98012","Universe: Total Population"
"B98013","Universe: Total Population"
"B98014","Universe: Population in Group Quarters"
"B98021","Universe: Housing Units"
"B98022","Universe: Population in Group Quarters"
"B98031","Universe: Total Population"
"B98032","Universe: Total Population"
"B99011","Universe:  Total population"
"B99012","Universe:  Total population"
"B99021","Universe:  Total population"
"B99031","Universe:  Total population"
"B99051","Universe:  Total population"
"B99052","Universe:  Population born outside the United States"
"B99052PR","Universe:  Population born outside Puerto Rico"
"B99053","Universe: Foreign-born naturalized citizens"
"B99061","Universe:  Total population"
"B99071","Universe:  Population 1 year and over"
"B99072","Universe:  Population 1 year and over"
"B99080","Universe:  Workers 16 years and over"
"B99081","Universe:  Workers 16 years and over"
"B99082","Universe:  Workers 16 years and over"
"B99083","Universe:  Workers 16 years and over"
"B99084","Universe:  Workers 16 years and over"
"B99085","Universe:  Workers 16 years and over in households "
"B99086","Universe:  Workers 16 years and over"
"B99087","Universe:  Workers 16 years and over"
"B99088","Universe:  Workers 16 years and over"
"B99089","Universe:  Workers 16 years and over in households "
"B99092","Universe:  Population in households"
"B99102","Universe:  Population 30 years and over"
"B99103","Universe:  Grandparents living with own grandchildren under 18 years"
"B99104","Universe:  Population 30 years and over"
"B99121","Universe:  Population 15 years and over"
"B99122","Universe:  Population 15 years and over"
"B99123","Universe:  Population 15 years and over"
"B99124","Universe:  Population 15 years and over"
"B99125","Universe:  Population 15 years and over"
"B99126","Universe:  Population 15 years and over"
"B99131","Universe:  Women 15 to 50 years"
"B99132","Universe:  Women 15 to 50 years"
"B99141","Universe:  Population 3 years and over"
"B99142","Universe:  Population 3 years and over enrolled in school"
"B99151","Universe:  Population 25 years and over"
"B99152","Universe:  POPULATION 25 YEARS AND OVER WITH A BACHELOR'S DEGREE OR HIGHER ATTAINMENT"
"B99161","Universe:  Population 5 years and over"
"B99162","Universe:  Population 5 years and over"
"B99163","Universe:  Population 5 years and over"
"B99171","Universe:  Unrelated individuals 15 years and over for whom poverty status is determined"
"B99172","Universe:  Families"
"B99181","Universe: Civilian noninstitutionalized population"
"B99182","Universe: Civilian noninstitutionalized population"
"B99183","Universe: Civilian noninstitutionalized population"
"B99184","Universe: Civilian noninstitutionalized population 5 years and over"
"B99185","Universe: Civilian noninstitutionalized population 5 years and over"
"B99186","Universe: Civilian noninstitutionalized population 5 years and over"
"B99187","Universe: Civilian noninstitutionalized population 15 years and over"
"B99191","Universe:  Population 15 years and over"
"B99192","Universe:  Households"
"B99193","Universe:  Families"
"B99194","Universe:  Nonfamily households"
"B99201","Universe:  Population 16 years and over"
"B99211","Universe:  Population 18 years and over"
"B99212","Universe:  Civilian veterans 18 years and over"
"B99221","Universe:  Households"
"B99231","Universe:  Population 16 years and over"
"B99232","Universe:  Population 16 years and over"
"B99233","Universe:  Population 16 years and over"
"B99234","Universe:  Population 16 years and over"
"B99241","Universe:  Civilian employed population 16 years and over"
"B99242","Universe:  Civilian employed population 16 years and over"
"B99243","Universe:  Civilian employed population 16 years and over"
"B99244","Universe:  Full-time, year-round civilian employed population 16 years and over"
"B99245","Universe:  Full-time, year-round civilian employed population 16 years and over"
"B99246","Universe:  Full-time, year-round civilian employed population 16 years and over"
"B99252","Universe:  Occupied housing units"
"B99253","Universe:  Vacant housing units"
"B99254","Universe:  Housing units"
"B99255","Universe:  Housing units"
"B99256","Universe:  Housing units"
"B99257","Universe:  Occupied housing units"
"B99258","Universe:  Housing units"
"B99259","Universe:  Housing units"
"B992510","Universe:  Housing units"
"B992511","Universe:  Occupied housing units"
"B992512","Universe:  Occupied housing units"
"B992513","Universe:  Occupied housing units"
"B992514","Universe:  Renter-occupied housing units paying cash rent"
"B992515","Universe:  Renter-occupied housing units"
"B992516","Universe:  Vacant-for-rent and rented, not occupied housing units"
"B992518","Universe:  Renter-occupied housing units"
"B992519","Universe:  Owner-occupied housing units"
"B992520","Universe:  Vacant-for-sale-only and sold, not occupied housing units"
"B992521","Universe:  Owner-occupied housing units"
"B992522","Universe:  Owner-occupied housing units"
"B992523","Universe:  Owner-occupied housing units "
"B992701","Universe: Civilian noninstitutionalized population"
"B992702","Universe: Civilian noninstitutionalized population"
"B992703","Universe: Civilian noninstitutionalized population"
"B992704","Universe:  Civilian noninstitutionalized population  "
"B992705","Universe:  Civilian noninstitutionalized population  "
"B992706","Universe:  Civilian noninstitutionalized population  "
"B992707","Universe:  Civilian noninstitutionalized population  "
"B992708","Universe:  Civilian noninstitutionalized population  "
"B992709","Universe:  Civilian noninstitutionalized population  "
"B99281","Universe:  Households"
"B99282","Universe:  Households"
"B99283","Universe:  Households"
